monomer_A ,smiles_A,Percentage of A %,monomer_B,smiles_B,Percentage of B %,monomer_C,smiles_C,Percentage of C %,ratios,num_monomers,Polymer Id,chain_architecture,Synthetic Method,Molecular Weight (Mn),PDI,HOMO,LUMO,Bandgap (eV),Reduction potential,Oxidation Potential,Wavelength at maximum absorption (λmax) (Solid State),Wavelength at maximum absorption (λmax) (Solution State),color,L* (Colored State),a* (Colored State),b*(Colored State),L * (Bleached State),a* (Bleached State),b* (Bleached State),film_thickness,Maximum Optical Contrast,Citation,Link,Year
"3,3-bis(octyloxymethyl)-3,4-dihydro-2Hthieno[3,4-b][1,4]dioxepine-6-yl)trimethyl-stannane",*c1sc(*)c2OCC(COCCCCCCCC)(COCCCCCCCC)COc12,67,"4,7-Di(thiophen-2-yl)benzo[c][1,2,5]thiadiazole",*c4ccc(c2ccc(c1ccc(*)s1)c3nsnc23)s4,33,0,0,0,67_33,2,Polymer A,periodic co-polymer (A-B-A-A-B-A-A-B-A),chemical polymerization of the donor-acceptor based hetero-cyclic pentamers,>10 kDa,na,na,na,1.47,na,-0.3 V,na,"449, 643",green,59,-29,-7,91,-3,-3,na,39%,"Adv. Mater., 20, 2772-2776 (2008)",DOI: 10.1002/adma.200800280,2008
"3,3-bis(octyloxymethyl)-3,4-dihydro-2Hthieno[3,4-b][1,4]dioxepine-6-yl)trimethyl-stannane",*c1sc(*)c2OCC(COCCCCCCCC)(COCCCCCCCC)COc12,67,"4,7-bis(2,3-dihydrothieno[3,4-b][1,4]dioxin5-yl)benzo[c] [1,2,5]- thiadiazole",*c5sc(c3ccc(c2sc(*)c1OCCOc12)c4nsnc34)c6OCCOc56,33,0,0,0,67_33,2,Polymer B,periodic co-polymer (A-B-A-A-B-A-A-B-A),chemical polymerization of the donor-acceptor based hetero-cyclic pentamers,>10 kDa,na,na,na,1.42,,-0.55 V,na,"464, 704",green,66,-30,-4,89,-5,-5,na,44%,"Adv. Mater., 20, 2772-2776 (2008)",DOI: 10.1002/adma.200800280,2008
"3,4-bis(2-ethylhexyloxy)thiophene (DOT-(OEtHx)2)",*c1sc(*)c(OCC(CC)CCCC)c1OCC(CC)CCCC,67,"2,1,3-benzothiadiazole (BTD",*c1ccc(*)c2nsnc12,33,0,0,0,67_33,2,P1,periodic co-polymer (A-B-A-A-B-A-A-B-A),chemical polymerization of the donor-acceptor based oligomers,16.3 kDa,na,na,na,1.83,na,na,na,"391, 638",blue,64,-37,-7,na,na,na,na,na,"Nature Materials, 2008, 7, 795–799",DOI:10.1038/nmat2272,2008
"3,4-bis(2-ethylhexyloxy)thiophene (DOT-(OEtHx)2)",*c1sc(*)c(OCC(CC)CCCC)c1OCC(CC)CCCC,80,"2,1,3-benzothiadiazole (BTD",*c1ccc(*)c2nsnc12,20,0,0,0,80_20,2,P2,periodic co-polymer (A-B-A-A-B-A-A-B-A),chemical polymerization of the donor-acceptor based oligomers,26.3 kDA,na,na,na,1.87,na,na,na,"410, 591",blue,57,7,-7,na,na,na,na,na,"Nature Materials, 2008, 7, 795–799",DOI:10.1038/nmat2272,2008
"3,4-bis(2-ethylhexyloxy)thiophene (DOT-(OEtHx)2)",*c1sc(*)c(OCC(CC)CCCC)c1OCC(CC)CCCC,86,"2,1,3-benzothiadiazole (BTD",*c1ccc(*)c2nsnc12,14,0,0,0,86_14,2,P3,periodic co-polymer (A-B-A-A-B-A-A-B-A),chemical polymerization of the donor-acceptor based oligomers,47.9 kDa,na,na,na,1.89,na,na,na,"418, 568",black,52,34,7,na,na,na,na,na,"Nature Materials, 2008, 7, 795–799",DOI:10.1038/nmat2272,2008
"3,4-bis(2-ethylhexyloxy)thiophene (DOT-(OEtHx)2)",*c1sc(*)c(OCC(CC)CCCC)c1OCC(CC)CCCC,100,0,0,0,0,0,0,100_0,2,P4,homo-polymer (A-A-A-A-A-A-A),chemical polymerization of the donor-acceptor based oligomers,27.8 kDA,na,na,na,2.13,na,na,na,475,yellow,81,46,15,na,na,na,na,na,"Nature Materials, 2008, 7, 795–799",DOI:10.1038/nmat2272,2008
"3,3-Bis-(2-ethyl-hexyloxymethyl)-3,4-dihydro-2H-thieno[3,4-b][1,4]dioxepine (ProDOT-(CH2OEtHx)2)",*c1sc(*)c2OCC(COCC(CC)CCCC)(COCC(CC)CCCC)COc12,67,"2,1,3-benzothiadiazole (BTD",*c1ccc(*)c2nsnc12,33,0,0,0,67_33,2,P5,periodic co-polymer (A-B-A-A-B-A-A-B-A),chemical polymerization of the donor-acceptor based oligomers,16.0 kDa,na,na,na,1.63,na,na,na,"396, 644",blue,64,-21,-33,na,na,na,na,na,"Nature Materials, 2008, 7, 795–799",DOI:10.1038/nmat2272,2008
"3,3-Bis-(2-ethyl-hexyloxymethyl)-3,4-dihydro-2H-thieno[3,4-b][1,4]dioxepine (ProDOT-(CH2OEtHx)2)",*c1sc(*)c2OCC(COCC(CC)CCCC)(COCC(CC)CCCC)COc12,80,"2,1,3-benzothiadiazole (BTD",*c1ccc(*)c2nsnc12,20,0,0,0,80_20,2,P6,periodic co-polymer (A-B-A-A-B-A-A-B-A),chemical polymerization of the donor-acceptor based oligomers,12.5 kDa,na,na,na,1.85,na,na,na,"435, 619",green,55,-5,-17,na,na,na,na,na,"Nature Materials, 2008, 7, 795–799",DOI:10.1038/nmat2272,2008
"3,3-Bis-(2-ethyl-hexyloxymethyl)-3,4-dihydro-2H-thieno[3,4-b][1,4]dioxepine (ProDOT-(CH2OEtHx)2)",*c1sc(*)c2OCC(COCC(CC)CCCC)(COCC(CC)CCCC)COc12,86,"2,1,3-benzothiadiazole (BTD",*c1ccc(*)c2nsnc12,14,0,0,0,86_14,2,P7,periodic co-polymer (A-B-A-A-B-A-A-B-A),chemical polymerization of the donor-acceptor based oligomers,12.5 kDa,na,na,na,1.84,na,na,na,"461, 607",green,51,17,-27,na,na,na,na,na,"Nature Materials, 2008, 7, 795–799",DOI:10.1038/nmat2272,2008
"3,3-Bis-(2-ethyl-hexyloxymethyl)-3,4-dihydro-2H-thieno[3,4-b][1,4]dioxepine (ProDOT-(CH2OEtHx)2)",*c1sc(*)c2OCC(COCC(CC)CCCC)(COCC(CC)CCCC)COc12,100,0,0,0,0,0,0,100_0,2,P8,homo-polymer (A-A-A-A-A-A-A),chemical polymerization of the donor-acceptor based oligomers,>10 kDa,na,na,na,2.04,na,na,na,534/576,magenta,68,60,-35,na,na,na,na,na,"Nature Materials, 2008, 7, 795–799",DOI:10.1038/nmat2272,2008
"3,3-Bis-(2-ethyl-hexyloxymethyl)-3,4-dihydro-2H-thieno[3,4-b][1,4]dioxepine (ProDOT-(CH2OEtHx)2)",*c1sc(*)c2OCC(COCC(CC)CCCC)(COCC(CC)CCCC)COc12,13,"2,1,3-benzothiadiazole (BTD)",*c1ccc(*)c2nsnc12,7,"ethylhexyloxy-substituted3,4-propylenedioxythiophene (ProDOT-(CH2OEtHx)2)",*c1sc(*)c2OCC(COCC(CC)CCCC)(COCC(CC)CCCC)COc12,80,13_7_80,3,P9,periodic co-polymer (A-B-A-A-B-A-A-B-A),chemical polymerization of the donor-acceptor based oligomers,13.6 kDa,2,na,na,1.57,na,-0.08 V,592,na,black,37,1,-20,85,-5,-5,1.05 a.u,52%,"Nature Materials, 2008, 7, 795–799",DOI:10.1038/nmat2272,2008
"3,4-propylenedioxythiophene (ProDOT)",*c1sc(*)c2OCC(CCOCC(CC)CCCC)(CCOCC(CC)CCCCC)COc12,86,"2,1,3-benzothiadiazole (BTD)",*c1ccc(*)c2nsnc12,14,0,0,0,86_14,2,P1,periodic co-polymer (A-B-A-A-B-A-A-B-A),C–H arylation polymerization (DArP),>10 kDa,na,na,na,1.64,na,na,na,na,green,48,-15,-5,na,na,na,na,na,"Adv. Mater.2010,22,724–728",DOI: 10.1002/adma.200902917,2010
"3,4-propylenedioxythiophene (ProDOT)",*c1sc(*)c2OCC(CCOCC(CC)CCCC)(CCOCC(CC)CCCCC)COc12,80,"2,1,3-benzothiadiazole (BTD)",*c1ccc(*)c2nsnc12,20,0,0,0,80_20,2,P2,periodic co-polymer (A-B-A-A-B-A-A-B-A),C–H arylation polymerization (DArP),>10 kDa,na,na,na,1.63,na,na,na,na,green,55,-32,-4,na,na,na,na,na,"Adv. Mater.2010,22,724–728",DOI: 10.1002/adma.200902917,2010
"3,4-propylenedioxythiophene (ProDOT)",*c1sc(*)c2OCC(CCOCC(CC)CCCC)(CCOCC(CC)CCCCC)COc12,67,"2,1,3-benzothiadiazole (BTD)",*c1ccc(*)c2nsnc12,33,0,0,0,67_33,2,P3,periodic co-polymer (A-B-A-A-B-A-A-B-A),C–H arylation polymerization (DArP),>10 kDa,na,na,na,1.51,na,na,na,na,blue,68,-27,-20,na,na,na,na,na,"Adv. Mater.2010,22,724–728",DOI: 10.1002/adma.200902917,2010
"3,4-propylenedioxythiophene (ProDOT)",*c1sc(*)c2OCC(CCOCC(CC)CCCC)(CCOCC(CC)CCCCC)COc12,50,"2,1,3-benzothiadiazole (BTD)",*c1ccc(*)c2nsnc12,50,0,0,0,50_50,2,P4a,alternating co-polymer (A-B-A-B-A-B-A),C–H arylation polymerization (DArP),23 kDa,na,na,na,1.87,na,na,na,"368, 662",blue,65,-23,-6,na,na,na,na,na,"Adv. Mater.2010,22,724–728",DOI: 10.1002/adma.200902917,2010
"3,4-propylenedioxythiophene (ProDOT)",*c1sc(*)c2OCC(CCOCCCCCCCC)(CCOCCCCCCCC)COc12,50,"2,1,3-benzothiadiazole (BTD)",*c1ccc(*)c2nsnc12,50,0,0,0,50_50,2,P4b,alternating co-polymer (A-B-A-B-A-B-A),C–H arylation polymerization (DArP),23 kDa,na,na,na,1.83,na,na,na,na,blue,65,-23,-17,82,-8,-4,1.8 a.u,47.40%,"Adv. Mater.2010,22,724–728",DOI: 10.1002/adma.200902917,2010
"3,4-propylenedioxythiophene (ProDOT)",*c1sc(*)c2OCC(CCC(=O)OCCCCCCC)(CCC(=O)OCCCCCCC)COc12,50,"2,1,3-benzothiadiazole (BTD)",*c1ccc(*)c2nsnc12,50,0,0,0,50_50,2,P4c,alternating co-polymer (A-B-A-B-A-B-A),C–H arylation polymerization (DArP),11.1 kDa,na,na,na,2.46,na,na,na,na,blue,64,-36,-6,na,na,na,na,na,"Adv. Mater.2010,22,724–728",DOI: 10.1002/adma.200902917,2010
"3,4-di(2-ethylhexyloxy)thiophene",*c1sc(*)c(OCC(CC)CCCC)c1OCC(CC)CCCC,100,0,0,0,0,0,0,100_0,2,ECP-orange (P1),homo-polymer (A-A-A-A-A-A-A),oxidation polymerization,115-153 kDa,1.27-1.79,na,na,2.04,na,na,483,na,orange,72,42,53,81,-2,-7,0.98 a.u,48%,"Macromolecules,  2010, 43, 4460-4467",DOI: 10.1021/ma100366y,2010
"3,4-di(2-ethylhexyloxy)thiophene",*c1sc(*)c(OCC(CC)CCCC)c1OCC(CC)CCCC,50,"3,4-di(methoxy)thiophene",*c1sc(*)c(OC)c1OC,50,0,0,0,50_50,2,ECP-red (P2),periodic co-polymer (A-B-A-A-B-A-A-B-A),oxidation polymerization,11-16kDa,2.12-4.38,na,na,2,na,na,525,na,red,60,49,9,87,-2,-1,0.98 a.u,60%,"Macromolecules,  2010, 43, 4460-4467",DOI: 10.1021/ma100366y,2010
"3,3-Bis-(2-ethyl-hexyloxymethyl)-3,4-dihydro-2H-thieno[3,4-b][1,4]dioxepine",*c1sc(*)c2OCC(COCC(CC)CCCC)(COCC(CC)CCCC)COc12,60,"2,1,3-benzothiadiazole (BTD)",*c1ccc(*)c2nsnc12,40,0,0,0,60_40,2,ECP-1,random ,random transition-metal mediated coupling poly merization (Stille  polymerization),9.7 kDa,1.6,na,na,1.61,na,na,na,na,blue,45,-7,-11,na,na,na,na,na,"Adv. Mater., 22, 4949-4953 (2010)",DOI:  10.1002/adma.201002234 ,2010
"3,3-Bis-(2-ethyl-hexyloxymethyl)-3,4-dihydro-2H-thieno[3,4-b][1,4]dioxepine",*c1sc(*)c2OCC(COCC(CC)CCCC)(COCC(CC)CCCC)COc12,70,"2,1,3-benzothiadiazole (BTD)",*c1ccc(*)c2nsnc12,30,0,0,0,70_30,2,ECP-2,random ,random transition-metal mediated coupling poly merization (Stille  polymerization),10.9 kDa,1.4,na,na,1.62,na,na,na,na,blue,42,0.7,-12,na,na,na,na,na,"Adv. Mater., 22, 4949-4953 (2010)",DOI:  10.1002/adma.201002235,2010
"3,3-Bis-(2-ethyl-hexyloxymethyl)-3,4-dihydro-2H-thieno[3,4-b][1,4]dioxepine",*c1sc(*)c2OCC(COCC(CC)CCCC)(COCC(CC)CCCC)COc12,75,"2,1,3-benzothiadiazole (BTD)",*c1ccc(*)c2nsnc12,25,0,0,0,75_25,2,ECP-3,random ,random transition-metal mediated coupling poly merization (Stille  polymerization),10.5 kDa,1.4,na,na,1.6,na,na,540,na,magenta,39,10,-12,92,-2,-3,0.45 a.u,47%,"Adv. Mater., 22, 4949-4953 (2010)",DOI:  10.1002/adma.201002236,2010
"3,3-Bis-(2-ethyl-hexyloxymethyl)-3,4-dihydro-2H-thieno[3,4-b][1,4]dioxepine",*c1sc(*)c2OCC(COCC(CC)CCCC)(COCC(CC)CCCC)COc12,76,"2,1,3-benzothiadiazole (BTD)",*c1ccc(*)c2nsnc12,24,0,0,0,76_24,2,ECP-4,random ,random transition-metal mediated coupling poly merization (Stille  polymerization),11 kDa,1.3,na,na,1.86,na,na,na,na,black,48,50,-30,na,na,na,na,na,"Adv. Mater., 22, 4949-4953 (2010)",DOI:  10.1002/adma.201002237,2010
phenylene,C1=CC(=CC=C1*)*,50,"3,3-Bis-(2-ethyl-hexyloxymethyl)-3,4-dihydro-2H-thieno[3,4-b][1,4]dioxepine (ProDOT-(CH2OEtHx)2)",*c1sc(*)c2OCC(COCC(CC)CCCC)(COCC(CC)CCCC)COc12,50,0,0,0,50_50,2,P1,alternating co-polymer (A-B-A-B-A-B-A),Suzuki polycondensation,25 kDa,na,na,na,2.38,na,na,455,na,yellow,60,0,85,na,-10,0,1.2 a.u,73%,"Polym. Chem., 2, 812-814 (2011)",DOI: 10.1039/C0PY00405G,2011
"3,4-di(2-ethylhexyloxy)thiophene",*c1sc(*)c(OCC(CC)CCCC)c1OCC(CC)CCCC,80,"2,1,3-benzothiadiazole (BTD)",*c1ccc(*)c2nsnc12,20,0,0,0,80_20,2,P1,periodic co-polymer (A-B-A-A-B-A-A-B-A),,26.3 kDa,2.6,5.45,3.5,1.69,-1.6,0.35,"424, 612","410, 591",green,90,-20,-45,na,na,na,na,na,"Chem. Mater., 24, 255-268 (2012)",DOI: 10.1021/cm202117d,2012
"3,4-di(methoxy)thiophene",*c1sc(*)c(OC)c1OC,40,"3,4-di(2-ethylhexyloxy)thiophene",*c1sc(*)c(OCC(CC)CCCC)c1OCC(CC)CCCC,40,"2,1,3-benzothiadiazole (BTD)",*c1ccc(*)c2nsnc12,20,40_40_20,3,P2,periodic co-polymer (A-B-A-A-B-A-A-B-A),,19.9 kDa,2.9,5.03,3.65,1.58,-1.45,-0.14,"439, 642","431, 626",green,53,-26,-2,82,-4,-7,39.30%,42%,"Chem. Mater., 24, 255-268 (2012)",DOI: 10.1021/cm202117d,2012
"3,4-di(2-ethylhexyloxy)thiophene",*c1sc(*)c(OCC(CC)CCCC)c1OCC(CC)CCCC,40,"3,4-di(methoxy)thiophene",*c1sc(*)c(OC)c1OC,40,"2,1,3-benzothiadiazole (BTD)",*c1ccc(*)c2nsnc12,20,40_40_20,3,P3,periodic co-polymer (A-B-A-A-B-A-A-B-A),,43 kDa,2.1,4.95,3.48,1.59,-1.62,-0.15,"443, 635","430, 613",green,54,-16,-1,78,-5,-8,1.0 a.u,33.60%,"Chem. Mater., 24, 255-268 (2012)",DOI: 10.1021/cm202117d,2012
"3,4-di(methoxy)thiophene",*c1sc(*)c(OC)c1OC,40,"3,3-Bis-(2-ethyl-hexyloxymethyl)-3,4-dihydro-2H-thieno[3,4-b][1,4]dioxepine",*c1sc(*)c2OCC(COCC(CC)CCCC)(COCC(CC)CCCC)COc12,40,"2,1,3-benzothiadiazole (BTD)",*c1ccc(*)c2nsnc12,20,40_40_20,3,P4,periodic co-polymer (A-B-A-A-B-A-A-B-A),,11.4 kDa,2.2,4.9,3.52,1.49,-1.58,-0.2,"454, 678","436, 615",green,,,,,na,na,na,na,"Chem. Mater., 24, 255-268 (2012)",DOI: 10.1021/cm202117d,2012
"3,3-Bis-(2-ethyl-hexyloxymethyl)-3,4-dihydro-2H-thieno[3,4-b][1,4]dioxepine",*c1sc(*)c2OCC(COCC(CC)CCCC)(COCC(CC)CCCC)COc12,40,"3,4-di(methoxy)thiophene",*c1sc(*)c(OC)c1OC,40,"2,1,3-benzothiadiazole (BTD)",*c1ccc(*)c2nsnc12,20,40_40_20,3,P5,periodic co-polymer (A-B-A-A-B-A-A-B-A),,9.6 kDa,2.6,5.13,3.53,1.54,-1.57,0.03,"452, 663","437, 626",green,53,-22,4,78,-6,-6,1.0 a.u,32.40%,"Chem. Mater., 24, 255-268 (2012)",DOI: 10.1021/cm202117d,2012
"3,3-Bis-(2-ethyl-hexyloxymethyl)-3,4-dihydro-2H-thieno[3,4-b][1,4]dioxepine",*c1sc(*)c2OCC(COCC(CC)CCCC)(COCC(CC)CCCC)COc12,80,"2,1,3-benzothiadiazole (BTD)",*c1ccc(*)c2nsnc12,20,0,0,0,80_20,2,P6,periodic co-polymer (A-B-A-A-B-A-A-B-A),,16 kDa,2.6,5.18,3.45,1.6,-1.65,0.08,"446, 648","435, 619",green,59,-23,1,82,-4,-4,0.95 a.u,33.10%,"Chem. Mater., 24, 255-268 (2012)",DOI: 10.1021/cm202117d,2012
thiophene,*c1ccc(*)s1,40,"3,3-bis(octyloxymethyl)-3,4-dihydro-2Hthieno[3,4-b][1,4]dioxepine-6-yl)trimethyl-stannane",*c1sc(*)c2OCC(COCCCCCCCC)(COCCCCCCCC)COc12,40,"2,1,3-benzothiadiazole (BTD)",*c1ccc(*)c2nsnc12,20,40_40_20,3,P7a,periodic co-polymer (A-B-A-A-B-A-A-B-A),,18.9 kDa,3.2,5.03,3.45,1.52,-1.65,-0.07,"458, 667","451, 645",green,54,-23,3,80,-5,-6,1.0 a.u,36.30%,"Chem. Mater., 24, 255-268 (2012)",DOI: 10.1021/cm202117d,2012
thiophene,*c1ccc(*)s1,40,"3,3-Bis-(2-ethyl-hexyloxymethyl)-3,4-dihydro-2H-thieno[3,4-b][1,4]dioxepine",*c1sc(*)c2OCC(COCC(CC)CCCC)(COCC(CC)CCCC)COc12,40,"2,1,3-benzothiadiazole (BTD)",*c1ccc(*)c2nsnc12,20,40_40_20,3,P7b,periodic co-polymer (A-B-A-A-B-A-A-B-A),,9.5 kDa,3.6,5.01,3.58,1.53,-1.52,-0.09,"459, 598",na,green,,,,,na,na,na,na,"Chem. Mater., 24, 255-268 (2012)",DOI: 10.1021/cm202117d,2012
"3,3-Bis-(2-ethyl-hexyloxymethyl)-3,4-dihydro-2H-thieno[3,4-b][1,4]dioxepine",*c1sc(*)c2OCC(COCC(CC)CCCC)(COCC(CC)CCCC)COc12,40,thiophene,*c1ccc(*)s1,40,"2,1,3-benzothiadiazole (BTD)",*c1ccc(*)c2nsnc12,20,40_40_20,3,P8,periodic co-polymer (A-B-A-A-B-A-A-B-A),,11 kDa,2.3,5.03,3.48,1.55,-1.62,-0.07,"449, 661","435, 625",green,58,-18,-6,83,-5,-5,1.0 a.u,35.60%,"Chem. Mater., 24, 255-268 (2012)",DOI: 10.1021/cm202117d,2012
"3,3-Bis-(2-ethyl-hexyloxymethyl)-3,4-dihydro-2H-thieno[3,4-b][1,4]dioxepine",*c1sc(*)c2OCC(COCC(CC)CCCC)(COCC(CC)CCCC)COc12,50,phenylene,C1=CC(=CC=C1*)*,50,0,0,0,50_50,2,ProDOT-Ph,alternating co-polymer (A-B-A-B-A-B-A),Suzuki polycondensation,13.8 kDa,1.7,na,na,2.42,,500mV,445,449,yellow,97.4,-8.91,72.8,na,na,na,na,na,"Macromolecules, 47, 5462-5469 (2014)",DOI: 10.1021/ma501080u,2014
"3,3-Bis-(2-ethyl-hexyloxymethyl)-3,4-dihydro-2H-thieno[3,4-b][1,4]dioxepine",*c1sc(*)c2OCC(COCC(CC)CCCC)(COCC(CC)CCCC)COc12,50,"9,9-Dioctyl-2,7-fluorene",*c3ccc2c1ccc(*)cc1C(CCCCCCCC)(CCCCCCCC)c2c3,50,0,0,0,50_50,2,ProDOT-Fl,alternating co-polymer (A-B-A-B-A-B-A),Suzuki polycondensation,12,1.47,na,na,2.51,,650mV,435,436,yellow,98.3,-11.6,58.3,na,na,na,na,na,"Macromolecules, 47, 5462-5469 (2014)",DOI: 10.1021/ma501080u,2014
"3,3-Bis-(2-ethyl-hexyloxymethyl)-3,4-dihydro-2H-thieno[3,4-b][1,4]dioxepine",*c1sc(*)c2OCC(COCC(CC)CCCC)(COCC(CC)CCCC)COc12,50,"9-octyl-9H-2,7-carbazole",*c3ccc2c1ccc(*)cc1n(CCCCCCCC)c2c3,50,0,0,0,50_50,2,ProDOT-Cbz,alternating co-polymer (A-B-A-B-A-B-A),Suzuki polycondensation,15.6,3,na,na,2.48,,450mV,445,447,yellow,97,-10.1,76.1,na,na,na,na,51%,"Macromolecules, 47, 5462-5469 (2014)",DOI: 10.1021/ma501080u,2014
"3,3-Bis-(2-ethyl-hexyloxymethyl)-3,4-dihydro-2H-thieno[3,4-b][1,4]dioxepine",*c1sc(*)c2OCC(COCC(CC)CCCC)(COCC(CC)CCCC)COc12,50,dimethoxyphenylene,COc1cc([*])c(OC)cc1[*],50,0,0,0,50_50,2,ProDOT-Ph(MeO)2,alternating co-polymer (A-B-A-B-A-B-A),Suzuki polycondensation,16.6,1.46,na,na,2.25,,270mV,480,466,yellow,85.7,24.8,60,na,na,na,na,na,"Macromolecules, 47, 5462-5469 (2014)",DOI: 10.1021/ma501080u,2014
"3,3-Bis-(2-ethyl-hexyloxymethyl)-3,4-dihydro-2H-thieno[3,4-b][1,4]dioxepine",*c1sc(*)c2OCC(COCC(CC)CCCC)(COCC(CC)CCCC)COc12,50,"2,7-pyrene",*c1cc2ccc3cc(*)cc4ccc(c1)c2c34,50,0,0,0,50_50,2,ProDOT-Py,alternating co-polymer (A-B-A-B-A-B-A),Suzuki polycondensation,8.3,3,na,na,2.59,,460mV,419,418,yellow,92,-9.97,47.6,na,na,na,na,na,"Macromolecules, 47, 5462-5469 (2014)",DOI: 10.1021/ma501080u,2014
"3,3-Bis-(2-ethyl-hexyloxymethyl)-3,4-dihydro-2H-thieno[3,4-b][1,4]dioxepine",*c1sc(*)c2OCC(COCC(CC)CCCC)(COCC(CC)CCCC)COc12,50,dimethoxyphenylene,COc1cc([*])c(OC)cc1[*],25,phenylene,C1=CC(=CC=C1*)*,25,50_25_25,3,(R-ProDOT-Ph/Ph(MeO)2,periodic co-polymer (A-B-A-A-B-A-A-B-A),Suzuki polycondensation,14.9,1.5,na,na,2.26,,320mV,462,439,yellow,84,14.5,59.6,na,na,na,na,na,"Macromolecules, 47, 5462-5469 (2014)",DOI: 10.1021/ma501080u,2014
"3,3-Bis-(2-ethyl-hexyloxymethyl)-3,4-dihydro-2H-thieno[3,4-b][1,4]dioxepine",*c1sc(*)c2OCC(COCC(CC)CCCC)(COCC(CC)CCCC)COc12,67,"2,7-pyrene",*c1cc2ccc3cc(*)cc4ccc(c1)c2c34,33,0,0,0,67_33,2,ProDOT2-Py,periodic co-polymer (A-B-A-A-B-A-A-B-A),Suzuki polycondensation,9.2,4.3,na,na,2.42,,320mV,480,476,yellow,90.5,-3.43,70.8,na,na,na,na,na,"Macromolecules, 47, 5462-5469 (2014)",DOI: 10.1021/ma501080u,2014
"3,3-Bis-(2-ethyl-hexyloxymethyl)-3,4-dihydro-2H-thieno[3,4-b][1,4]dioxepine",*c1sc(*)c2OCC(COCC(CC)CCCC)(COCC(CC)CCCC)COc12,67,phenylene,C1=CC(=CC=C1*)*,33,0,0,0,67_33,2,ProDOT2-Ph,periodic co-polymer (A-B-A-A-B-A-A-B-A),Suzuki polycondensation,13.8,1.9,na,na,2.23,,300mV,488,506,yellow,85.6,31.1,43.1,na,na,na,na,na,"Macromolecules, 47, 5462-5469 (2014)",DOI: 10.1021/ma501080u,2014
"3,3-Bis-(2-ethyl-hexyloxymethyl)-3,4-dihydro-2H-thieno[3,4-b][1,4]dioxepine",*c1sc(*)c2OCC(COCC(CC)CCCC)(COCC(CC)CCCC)COc12,67,"3,4-ethylenedioxythiophene (EDOT)",*c1sc(*)c2OCCOc12,33,0,0,0,67_33,2,ProDOT2–EDOT,periodic co-polymer (A-B-A-A-B-A-A-B-A),direct (hetero)arylation polymerization,14.5,2,,,1.75,,,,590,blue,53,19,-48,90,-2,-3,,71%,"J. Mat. Chem C, 3, 3211-3218 (2015)",DOI: 10.1039/4tc02685c,2015
"3,3-Bis-(2-ethyl-hexyloxymethyl)-3,4-dihydro-2H-thieno[3,4-b][1,4]dioxepine",*c1sc(*)c2OCC(COCC(CC)CCCC)(COCC(CC)CCCC)COc12,50,"3,4-ethylenedioxythiophene (EDOT)",*c1sc(*)c2OCCOc12,50,0,0,0,50_50,2,ProDOT–EDOT,alternating co-polymer (A-B-A-B-A-B-A),direct (hetero)arylation polymerization,na,na,,,1.64,,,,597,blue,46,20,-47,85,-4,-5,,68%,"J. Mat. Chem C, 3, 3211-3218 (2015)",DOI: 10.1039/4tc02685c,2015
"3,3-Bis-(2-ethyl-hexyloxymethyl)-3,4-dihydro-2H-thieno[3,4-b][1,4]dioxepine",*c1sc(*)c2OCC(COCC(CC)CCCC)(COCC(CC)CCCC)COc12,50,"3,4-ethylenedioxythiophene (EDOT)",*c1sc(*)c2OCCOc12,50,0,0,0,50_50,2,ProDOT2–EDOT2,periodic co-polymer (A-B-A-A-B-A-A-B-A),direct (hetero)arylation polymerization,14.1,4.5,,,1.66,,,,606,blue,55,4,-48,91,-2,-4,,70%,"J. Mat. Chem C, 3, 3211-3218 (2015)",DOI: 10.1039/4tc02685c,2015
"3,4-bis(2-ethylhexyloxy)thiophene (DOT-(OEtHx)2)",*c1sc(*)c2OCC(COCC(CC)CCCC)(COCC(CC)CCCC)COc12,50,"3,3-Bis-(2-ethyl-hexyloxymethyl)-3,4-dihydro-2H-thieno[3,4-b][1,4]dioxepine",*c1sc(*)c2OCC(COCC(CC)CCCC)(COCC(CC)CCCC)COc12,50,0,0,0,50_50,2,AcDOT2–ProDOT,periodic co-polymer (A-B-A-A-B-A-A-B-A),direct (hetero)arylation polymerization,176,2.2,,,1.96,,,,"536,579",magenta,56,60,-24,91,-2,-1,,73,"J. Mat. Chem C, 3, 3211-3218 (2015)",DOI: 10.1039/4tc02685c,2015
"3,4-bis(2-ethylhexyloxy)thiophene (DOT-(OEtHx)2)",*c1sc(*)c2OCC(COCC(CC)CCCC)(COCC(CC)CCCC)COc12,50,"3,4-propylenedioxythiophene (ProDOT)",C1COc2cscc2OC1,50,0,0,0,50_50,2,AcDOT–ProDOT,alternating co-polymer (A-B-A-B-A-B-A),direct (hetero)arylation polymerization,51.8,2.2,,,1.95,,,,"541,587",magenta,55,57,-34,91,-2,-3,,72%,"J. Mat. Chem C, 3, 3211-3218 (2015)",DOI: 10.1039/4tc02685c,2015
"3,4-bis(2-ethylhexyloxy)thiophene (DOT-(OEtHx)2)",*c1sc(*)c2OCC(COCC(CC)CCCC)(COCC(CC)CCCC)COc12,50,"3,4-ethylenedioxythiophene (EDOT)",*c1sc(*)c2OCCOc12,50,0,0,0,50_50,2,AcDOT–EDOT,alternating co-polymer (A-B-A-B-A-B-A),direct (hetero)arylation polymerization,30.9,1.21,,,1.8,,,,553,magenta,49,42,-38,88,-3,-4,,63,"J. Mat. Chem C, 3, 3211-3218 (2015)",DOI: 10.1039/4tc02685c,2015
"3,3-Bis-(2-ethyl-hexyloxymethyl)-3,4-dihydro-2H-thieno[3,4-b][1,4]dioxepine",*c1sc(*)c2OCC(COCC(CC)CCCC)(COCC(CC)CCCC)COc12,100,0,0,0,0,0,0,100_0,2,ProDOT,homo-polymer (A-A-A-A-A-A-A),direct (hetero)arylation polymerization,12.3,1.77,,,1.91,,,,"555,606",blue,57,34,-41,88,-1,-2,,71%,"J. Mat. Chem C, 3, 3211-3218 (2015)",DOI: 10.1039/4tc02685c,2015
"3,4-bis(2-ethylhexyloxy)thiophene (DOT-(OEtHx)2)",*c1sc(*)c2OCC(COCC(CC)CCCC)(COCC(CC)CCCC)COc12,100,0,0,0,0,0,0,100_0,2,AcDOT,homo-polymer (A-A-A-A-A-A-A),direct (hetero)arylation polymerization,279.7,2.08,,,1.97,,,,490,red,65,45,38,81,-2,-7,,48%,"J. Mat. Chem C, 3, 3211-3218 (2015)",DOI: 10.1039/4tc02685c,2015
"3,4-bis(2-ethylhexyloxy)thiophene (DOT-(OEtHx)2)",*c1sc(*)c2OCC(COCC(CC)CCCC)(COCC(CC)CCCC)COc12,50,"3,4-ethylenedioxythiophene (EDOT)",*c1sc(*)c2OCCOc12,50,0,0,0,50_50,2,AcDOT2–EDOT2 ,periodic co-polymer (A-B-A-A-B-A-A-B-A),direct (hetero)arylation polymerization,24.2,4.9,,,1.72,,,,557,magenta,45,32,-41,91,-2,-4,,70%,"J. Mat. Chem C, 3, 3211-3218 (2015)",DOI: 10.1039/4tc02685c,2015
2-hexyldecyloxy ProDOT,*c1sc(*)c2OCC(COCC(CCCC)CCCCCCCCC)(COCC(CCCCCC)CCCCCCCCC)COc12,50,"3,4-ethylenedioxyselenophene",*c1[se]c(*)c2OCCOc12,50,0,0,0,50_50,2,ProDOT-EDOS,alternating co-polymer (A-B-A-B-A-B-A),direct (hetero)arylation polymerization,12.5,1.6,,,1.62,,,,,blue,53,-4,-47,92,-3,-3,,,"ACS Macro Lett., 5, 714-717 (2016)",DOI: 10.1021/acsmacrolett.6b00250,2016
2-hexyldecyloxy ProDOT,*c1sc(*)c2OCC(COCC(CCCC)CCCCCCCCC)(COCC(CCCCCC)CCCCCCCCC)COc12,50,"3,4-ethylenedioxythiophene (EDOT)",*c1sc(*)c2OCCOc12,50,0,0,0,50_50,2,ProDOT-EDOT,alternating co-polymer (A-B-A-B-A-B-A),direct (hetero)arylation polymerization,,,,,1.77,,,,,blue,52,12,-48,93,-3,-3,,,"ACS Macro Lett., 5, 714-717 (2016)",DOI: 10.1021/acsmacrolett.6b00251,2016
2-hexyldecyloxy ProDOT,*c1sc(*)c2OCC(COCC(CCCC)CCCCCCCCC)(COCC(CCCCCC)CCCCCCCCC)COc12,100,0,0,0,0,0,0,100_0,2,PProDOT,homo-polymer (A-A-A-A-A-A-A),direct (hetero)arylation polymerization,,,,,1.97,,,,,blue,42,58,-38,89,-3,-3,,,"ACS Macro Lett., 5, 714-717 (2016)",DOI: 10.1021/acsmacrolett.6b00252,2016
"poly(3,4-ethylenedioxythiophene) (PEDOT)",*c1sc(*)c2OCCOc12,100,0,0,0,0,0,0,100_0,2,PEDOT,homo-polymer (A-A-A-A-A-A-A),direct (hetero)arylation polymerization,,,,,1.66,,,,,blue,35,10,-54,81,-6,-10,,,"ACS Macro Lett., 5, 714-717 (2016)",DOI: 10.1021/acsmacrolett.6b00253,2016
"3,4-bis(2-ethylhexyloxy)thiophene (DOT-(OEtHx)2)",*c1sc(*)c2OCC(COCC(CC)CCCC)(COCC(CC)CCCC)COc12,75,EDOT-BTD-EDOT (EBE),*C5SC(c3ccc(C1SC(*)C2OCCOC12)c4nsnc34)C6OCCOC56,25,0,0,0,75_25,2,Pro-Pro/EBE,random ,direct heteroarylation polymerization,,,,,1.39,,,,,magenta,26,33,-32,87,-4,-4,,52.8,"Macromol., 49, 6350-6359 (2016)",DOI: 10.1021/acs.macromol.6b01114,2016
"3,3-Bis-(2-ethyl-hexyloxymethyl)-3,4-dihydro-2H-thieno[3,4-b][1,4]dioxepine (AcDOT)",*c1sc(*)c(OCC(CC)CCCC)c1OCC(CC)CCCC,75,EDOT-BTD-EDOT (EBE),*C5SC(c3ccc(C1SC(*)C2OCCOC12)c4nsnc34)C6OCCOC56,25,0,0,0,75_25,2,Ac-Ac/EBE,random ,direct heteroarylation polymerization,,,,,1.32,,,,,green,52,-14,44,84,-4,-4,,45.6,"Macromol., 49, 6350-6359 (2016)",DOI: 10.1021/acs.macromol.6b01114,2016
"3,4-bis(2-ethylhexyloxy)thiophene (DOT-(OEtHx)2)",*c1sc(*)c2OCC(COCC(CC)CCCC)(COCC(CC)CCCC)COc12,37.5,"3,3-Bis-(2-ethyl-hexyloxymethyl)-3,4-dihydro-2H-thieno[3,4-b][1,4]dioxepine (AcDOT)",*c1sc(*)c(OCC(CC)CCCC)c1OCC(CC)CCCC,37.5,EDOT-BTD-EDOT (EBE),*C5SC(c3ccc(C1SC(*)C2OCCOC12)c4nsnc34)C6OCCOC56,25,37.5_37.5_25,3,Pro-Ac0.75/EBE0.25,random ,direct heteroarylation polymerization,,,,,1.35,,,,,red,32,24,-8,86,-4,-4,,51,"Macromol., 49, 6350-6359 (2016)",DOI: 10.1021/acs.macromol.6b01114,2016
"3,4-bis(2-ethylhexyloxy)thiophene (DOT-(OEtHx)2)",*c1sc(*)c2OCC(COCC(CC)CCCC)(COCC(CC)CCCC)COc12,35,"3,3-Bis-(2-ethyl-hexyloxymethyl)-3,4-dihydro-2H-thieno[3,4-b][1,4]dioxepine (AcDOT)",*c1sc(*)c(OCC(CC)CCCC)c1OCC(CC)CCCC,35,EDOT-BTD-EDOT (EBE),*C5SC(c3ccc(C1SC(*)C2OCCOC12)c4nsnc34)C6OCCOC56,30,35_35_30,3,Pro-Ac0.70/EBE0.30,random ,direct heteroarylation polymerization,,,,,1.37,,,,,brown,39,14,-4,87,-4,-4,,51.2,"Macromol., 49, 6350-6359 (2016)",DOI: 10.1021/acs.macromol.6b01114,2016
"3,4-bis(2-ethylhexyloxy)thiophene (DOT-(OEtHx)2)",*c1sc(*)c2OCC(COCC(CC)CCCC)(COCC(CC)CCCC)COc12,32.5,"3,3-Bis-(2-ethyl-hexyloxymethyl)-3,4-dihydro-2H-thieno[3,4-b][1,4]dioxepine (AcDOT)",*c1sc(*)c(OCC(CC)CCCC)c1OCC(CC)CCCC,32.5,EDOT-BTD-EDOT (EBE),*C5SC(c3ccc(C1SC(*)C2OCCOC12)c4nsnc34)C6OCCOC56,35,32.5_32.5_35,3,Pro-Ac0.65/EBE0.35,random ,direct heteroarylation polymerization,,,,,1.36,,,,,brown,44,7,-0.35,88,-4,-3,,51.7,"Macromol., 49, 6350-6359 (2016)",DOI: 10.1021/acs.macromol.6b01114,2016
"3,3-Bis-(2-ethyl-hexyloxymethyl)-3,4-dihydro-2H-thieno[3,4-b][1,4]dioxepine (AcDOT)",*c1sc(*)c(OCC(CC)CCCC)c1OCC(CC)CCCC,67,dimethoxyphenylene,COc1cc([*])c(OC)cc1[*],33,0,0,0,67_33,2,PAcDOT2-Ph(OMe)2,periodic co-polymer (A-B-A-A-B-A-A-B-A),direct arylation (DA) polymerization,24.1 to 60.2 kDa,1.7 to 2.3 ,,,2.38,,330mV,,446,yellow,89,-4,85,81,-1,-1,,59%,"Macromolecules 49 (22), 8498-8507, (2016)",DOI: 10.1021/acs.macromol.6b01763,2016
"3,4-bis(2-ethylhexyloxy)thiophene (DOT-(OEtHx)2)",*c1sc(*)c2OCC(COCC(CC)CCCC)(COCC(CC)CCCC)COc12,67,dimethoxyphenylene,COc1cc([*])c(OC)cc1[*],33,0,0,0,67_33,2,PProDOT2-Ph(OMe)2,periodic co-polymer (A-B-A-A-B-A-A-B-A),direct arylation (DA) polymerization,24.1 to 60.2 kDa,1.7 to 2.3 ,,,2.18,,126mV,,500,orange,86,25,74,87,-2,-1,,62%,"Macromolecules 49 (22), 8498-8507, (2016)",DOI: 10.1021/acs.macromol.6b01763,2016
"3,3-Bis-(2-ethyl-hexyloxymethyl)-3,4-dihydro-2H-thieno[3,4-b][1,4]dioxepine (AcDOT)",*c1sc(*)c(OCC(CC)CCCC)c1OCC(CC)CCCC,33,dimethoxyphenylene,COc1cc([*])c(OC)cc1[*],33,PRODOT,*c1sc(*)c2OCC(COCC(CC)CCCC)(COCC(CC)CCCC)COc12,33,33_33_33,3,PAcDOT2/ProDOT2-Ph(OMe)2,periodic co-polymer (A-B-A-A-B-A-A-B-A),direct arylation (DA) polymerization,24.1 to 60.2 kDa,1.7 to 2.3 ,,,2.25,,220mV,,476,red,87,21,73,88,-1,-3,,66%,"Macromolecules 49 (22), 8498-8507, (2016)",DOI: 10.1021/acs.macromol.6b01763,2016
2-hexyldecyloxy ProDOT,*c1sc(*)c2OCC(COCC(CCCC)CCCCCCCCC)(COCC(CCCCCC)CCCCCCCCC)COc12,67,"poly(3,4-ethylenedioxythiophene) (PEDOT)",*c1sc(*)c2OCCOc12,33,0,0,0,67_33,2,P2E,periodic co-polymer (A-B-A-A-B-A-A-B-A),direct arylation polymer-ization,14.5 kDa,,,,1.61,,-0.35,,590,blue,33,32,-63,89,-2,-3,,71%,"Macromolecules 49 (6), 2106-2111, (2016)",DOI: 10.1021/acs.macromol.5b02638,2016
2-hexyldecyloxy ProDOT,*c1sc(*)c2OCC(COCC(CCCC)CCCCCCCCC)(COCC(CCCCCC)CCCCCCCCC)COc12,50,"poly(3,4-ethylenedioxythiophene) (PEDOT)",*c1sc(*)c2OCCOc12,50,0,0,0,50_50,2,PE,alternating co-polymer (A-B-A-B-A-B-A),direct arylation polymer-ization,43.8 kDa,,,,1.77,,-0.36,,596,blue,30,27,-58,87,-2,-3,,71%,"Macromolecules 49 (6), 2106-2111, (2016)",DOI: 10.1021/acs.macromol.5b02638,2016
2-hexyldecyloxy ProDOT,*c1sc(*)c2OCC(COCC(CCCC)CCCCCCCCC)(COCC(CCCCCC)CCCCCCCCC)COc12,50,"poly(3,4-ethylenedioxythiophene) (PEDOT)",*c1sc(*)c2OCCOc12,50,0,0,0,50_50,2,P2E2,periodic co-polymer (A-B-A-A-B-A-A-B-A),direct arylation polymer-ization,14.1 kDa,,,,1.74,,-0.63,,606,blue,37,12,-63,92,-3,-3,,75%,"Macromolecules 49 (6), 2106-2111, (2016)",DOI: 10.1021/acs.macromol.5b02638,2016
2-hexyldecyloxy ProDOT,*c1sc(*)c2OCC(COCC(CCCC)CCCCCCCCC)(COCC(CCCCCC)CCCCCCCCC)COc12,33,"poly(3,4-ethylenedioxythiophene) (PEDOT)",*c1sc(*)c2OCCOc12,67,0,0,0,67_33,2,PE2,periodic co-polymer (A-B-A-A-B-A-A-B-A),direct arylation polymer-ization,56 kDa,,,,1.71,,-0.75,,613,blue,34,10,-56,89,-3,-3,,71%,"Macromolecules 49 (6), 2106-2111, (2016)",DOI: 10.1021/acs.macromol.5b02638,2016
"3,4-dioctylthiophene (DAT)",*c1sc(*)c(CCCCCCCC)c1CCCCCCCC,50,"3,4-ethylenedioxythiophene (EDOT)",*c1sc(*)c2OCCOc12,50,0,0,0,50_50,2, DAT-EDOT,alternating co-polymer (A-B-A-B-A-B-A),direct heteroarylation polymerization,61 kDA,2.3,,,1.88,,,,448,red,65,24,36,83,-5,-8,,58%,"Macromolecules, 51(22), 9250-9258 (2018)",DOI: 10.1021/acs.macromol.8b01789,2018
"3,4-dioctylthiophene (DAT)",*c1sc(*)c(CCCCCCCC)c1CCCCCCCC,50,"3,4-propylenedioxythiophene (ProDOT)",*c1sc(*)c2OCCCOc12,50,0,0,0,50_50,2, DAT-ProDOT,alternating co-polymer (A-B-A-B-A-B-A),direct heteroarylation polymerization,32 kDa,2.6,,,2.03,,,,500,red,60,68,34,86,-4,-8,,63%,"Macromolecules, 51(22), 9250-9258 (2018)",DOI: 10.1021/acs.macromol.8b01789,2018
"3,4-dioctylthiophene (DAT)",*c1sc(*)c(CCCCCCCC)c1CCCCCCCC,50,"3,4-(1,3-dimethylpropylene)dioxythiophene (DMP)",*c1sc(*)c2OC(C)CC(C)Oc12,50,0,0,0,50_50,2, DAT-DMP,alternating co-polymer (A-B-A-B-A-B-A),direct heteroarylation polymerization,25 kDa,2.2,,,2.3,,,,466,orange,87,23,59,90,-2,-4,,65%,"Macromolecules, 51(22), 9250-9258 (2018)",DOI: 10.1021/acs.macromol.8b01789,2018
"3,4-dioctylthiophene (DAT)",*c1sc(*)c(CCCCCCCC)c1CCCCCCCC,50,"3,4-dimethoxythiophene ",*c1sc(*)c(OC)c1OC,50,0,0,0,50_50,2,DAT-DMOT,alternating co-polymer (A-B-A-B-A-B-A),direct heteroarylation polymerization,37 kDa,4.1,,,2.1,,,,427,orange,82,25,62,85,-1,-7,,60%,"Macromolecules, 51(22), 9250-9258 (2018)",DOI: 10.1021/acs.macromol.8b01789,2018
"3,4-propylenedioxy thiophene",*c1sc(*)c(OCC(CC)CCCC)c1OCC(CC)CCCC,67,phenylene,C1=CC(=CC=C1*)*,33,0,0,0,67_33,2,ECP-yellow,periodic co-polymer (A-B-A-A-B-A-A-B-A), direct arylation polymerization,,,,,2.19,,,465,,yellow,85,9,67,,,,,60%,"Adv. Optical Mater. 6, 1800594, (2018)",DOI: 10.1002/adom.201800594,2018
"3,4-dioctylthiophene (DAT)",*c1sc(*)c(CCCCCCCC)c1CCCCCCCC,50,"3,4-(1,3-dimethylpropylene)dioxythiophene (DMP)",*c1sc(*)c2OC(C)CC(C)Oc12,50,0,0,0,50_50,2,ECP-orange,alternating co-polymer (A-B-A-B-A-B-A), direct arylation polymerization,,,,,2.11,,,468,,orange,82,29,64,,,,,65%,"Adv. Optical Mater. 6, 1800594, (2018)",DOI: 10.1002/adom.201800594,2018
"3,4-propylenedioxy thiophene",*c1sc(*)c(OCC(CC)CCCC)c1OCC(CC)CCCC,67,"3,3-Bis-(2-ethyl-hexyloxymethyl)-3,4-dihydro-2H-thieno[3,4-b][1,4]dioxepine (AcDOT)",*c1sc(*)c2OCC(COCC(CC)CCCC)(COCC(CC)CCCC)COc12,33,0,0,0,67_33,2,ECP-magenta,periodic co-polymer (A-B-A-A-B-A-A-B-A), direct arylation polymerization,,,,,1.95,,,544,,magenta,59,53,-23,,,,,70%,"Adv. Optical Mater. 6, 1800594, (2018)",DOI: 10.1002/adom.201800594,2018
"3,4-bis(2-ethylhexyloxy)thiophene (DOT-(OEtHx)2)",*c1sc(*)c2OCC(COCC(CC)CCCC)(COCC(CC)CCCC)COc12,67,"2,1,3-benzothiadiazole (BTD)",*c1ccc(*)c2nsnc12,33,0,0,0,67_33,2,ECP-cyan,periodic co-polymer (A-B-A-A-B-A-A-B-A), direct arylation polymerization,,,,,1.47,,,"406,687",,blue,69,-30,-10,,,,,50%,"Adv. Optical Mater. 6, 1800594, (2018)",DOI: 10.1002/adom.201800594,2018
"3,4-bis(2-ethylhexyloxy)thiophene (DOT-(OEtHx)2)",*c1sc(*)c2OCC(COCC(CC)CCCC)(COCC(CC)CCCC)COc12,80,"2,1,3-benzothiadiazole (BTD)",*c1ccc(*)c2nsnc12,20,0,0,0,80_20,2,ECP-green,periodic co-polymer (A-B-A-A-B-A-A-B-A), direct arylation polymerization,,,,,1.5,,,"458,672",,green,60,-32,4,,,,,50%,"Adv. Optical Mater. 6, 1800594, (2018)",DOI: 10.1002/adom.201800594,2018
"3,4-dioctylthiophene (DAT)",*c1sc(*)c(CCCCCCCC)c1CCCCCCCC,50,"3,3-Bis-(2-ethyl-hexyloxymethyl)-3,4-dihydro-2H-thieno[3,4-b][1,4]dioxepine (AcDOT)",*c1sc(*)c2OCC(COCC(CC)CCCC)(COCC(CC)CCCC)COc12,25,biEDOT,*c3sc(c2sc(*)c1OCCOc12)c4OCCOc34,25,50_25_25,3,xyz211,periodic co-polymer (A-B-A-A-B-A-A-B-A), direct arylation polymerization,13,1.4,,,1.65,,476,458,,orange,66,20,43,84,-2,-6,,62%,"Chem. Mater.,31, 17, 6841-6849 (2019)",DOI: 10.1021/acs.chemmater.9b01293,2019
"3,4-dioctylthiophene (DAT)",*c1sc(*)c(CCCCCCCC)c1CCCCCCCC,40,"3,3-Bis-(2-ethyl-hexyloxymethyl)-3,4-dihydro-2H-thieno[3,4-b][1,4]dioxepine (AcDOT)",*c1sc(*)c2OCC(COCC(CC)CCCC)(COCC(CC)CCCC)COc12,40,biEDOT,*c3sc(c2sc(*)c1OCCOc12)c4OCCOc34,20,40_40_20,3,xyz221,periodic co-polymer (A-B-A-A-B-A-A-B-A), direct arylation polymerization,33,2,,,1.68,,444,495,,red,51,36,6,91,-2,-7,,70%,"Chem. Mater.,31, 17, 6841-6849 (2019)",DOI: 10.1021/acs.chemmater.9b01294,2019
"3,4-dioctylthiophene (DAT)",*c1sc(*)c(CCCCCCCC)c1CCCCCCCC,40,"3,3-Bis-(2-ethyl-hexyloxymethyl)-3,4-dihydro-2H-thieno[3,4-b][1,4]dioxepine (AcDOT)",*c1sc(*)c2OCC(COCC(CC)CCCC)(COCC(CC)CCCC)COc12,20,biEDOT,*c3sc(c2sc(*)c1OCCOc12)c4OCCOc34,40,40_20_40,3,xyz212,periodic co-polymer (A-B-A-A-B-A-A-B-A), direct arylation polymerization,15,1.8,,,1.69,,163,512,,red,48,32,-2,86,-2,-6,,67%,"Chem. Mater.,31, 17, 6841-6849 (2019)",DOI: 10.1021/acs.chemmater.9b01295,2019
"3,4-dioctylthiophene (DAT)",*c1sc(*)c(CCCCCCCC)c1CCCCCCCC,33,"3,3-Bis-(2-ethyl-hexyloxymethyl)-3,4-dihydro-2H-thieno[3,4-b][1,4]dioxepine (AcDOT)",*c1sc(*)c2OCC(COCC(CC)CCCC)(COCC(CC)CCCC)COc12,33,biEDOT,*c3sc(c2sc(*)c1OCCOc12)c4OCCOc34,33,33_33_33,3,xyz111,periodic co-polymer (A-B-A-A-B-A-A-B-A), direct arylation polymerization,22,2.4,,,1.67,,141,539,,magenta,44,30,-17,87,-2,-5,,64%,"Chem. Mater.,31, 17, 6841-6849 (2019)",DOI: 10.1021/acs.chemmater.9b01296,2019
"3,4-dioctylthiophene (DAT)",*c1sc(*)c(CCCCCCCC)c1CCCCCCCC,25,"3,3-Bis-(2-ethyl-hexyloxymethyl)-3,4-dihydro-2H-thieno[3,4-b][1,4]dioxepine (AcDOT)",*c1sc(*)c2OCC(COCC(CC)CCCC)(COCC(CC)CCCC)COc12,50,biEDOT,*c3sc(c2sc(*)c1OCCOc12)c4OCCOc34,25,25_50_25,3,xyz121,periodic co-polymer (A-B-A-A-B-A-A-B-A), direct arylation polymerization,26,3.4,,,1.66,,101,550,,magenta,47,30,-28,90,-1,-4,,66%,"Chem. Mater.,31, 17, 6841-6849 (2019)",DOI: 10.1021/acs.chemmater.9b01297,2019
"3,4-dioctylthiophene (DAT)",*c1sc(*)c(CCCCCCCC)c1CCCCCCCC,20,"3,3-Bis-(2-ethyl-hexyloxymethyl)-3,4-dihydro-2H-thieno[3,4-b][1,4]dioxepine (AcDOT)",*c1sc(*)c2OCC(COCC(CC)CCCC)(COCC(CC)CCCC)COc12,60,biEDOT,*c3sc(c2sc(*)c1OCCOc12)c4OCCOc34,20,20_60_20,3,xyz131,periodic co-polymer (A-B-A-A-B-A-A-B-A), direct arylation polymerization,17,2.3,,,1.56,,105,553,,magenta,46,26,-29,89,-3,-5,,62%,"Chem. Mater.,31, 17, 6841-6849 (2019)",DOI: 10.1021/acs.chemmater.9b01298,2019
"3,4-dioctylthiophene (DAT)",*c1sc(*)c(CCCCCCCC)c1CCCCCCCC,20,"3,3-Bis-(2-ethyl-hexyloxymethyl)-3,4-dihydro-2H-thieno[3,4-b][1,4]dioxepine (AcDOT)",*c1sc(*)c2OCC(COCC(CC)CCCC)(COCC(CC)CCCC)COc12,40,biEDOT,*c3sc(c2sc(*)c1OCCOc12)c4OCCOc34,40,20_40_40,3,xyz122,periodic co-polymer (A-B-A-A-B-A-A-B-A), direct arylation polymerization,15,1.7,,,1.6,,-46,568,,magenta,45,17,-38,88,-2,-5,,60%,"Chem. Mater.,31, 17, 6841-6849 (2019)",DOI: 10.1021/acs.chemmater.9b01299,2019
"3,4-dioctylthiophene (DAT)",*c1sc(*)c(CCCCCCCC)c1CCCCCCCC,25,"3,3-Bis-(2-ethyl-hexyloxymethyl)-3,4-dihydro-2H-thieno[3,4-b][1,4]dioxepine (AcDOT)",*c1sc(*)c2OCC(COCC(CC)CCCC)(COCC(CC)CCCC)COc12,25,biEDOT,*c3sc(c2sc(*)c1OCCOc12)c4OCCOc34,50,25_25_50,3,xyz112,periodic co-polymer (A-B-A-A-B-A-A-B-A), direct arylation polymerization,10,1.5,,,1.69,,-81,586,,blue,44,18,-40,88,-2,-6,,58%,"Chem. Mater.,31, 17, 6841-6849 (2019)",DOI: 10.1021/acs.chemmater.9b01300,2019
acyclic dioxythiophene (LAcDOT),*c1sc(*)c(OCCCCCCCC)c1OCCCCCCCC,100,0,0,0,0,0,0,100_0,2,P(LAcDOT),homo-polymer (A-A-A-A-A-A-A),DHAP,15 kDa,2.2,,,1.9,,0.05,"513, 551, 598",,magenta,56,45,-37,94,-1,-3,,73%,"Polymer Chemistry, 11, 2173 – 2181 (2020)",DOI: 10.1039/C9PY01720H,2020
acyclic dioxythiophene (LAcDOT),*c1sc(*)c(OCCCCCCCC)c1OCCCCCCCC,50,BAcDOT,*c1sc(*)c(OCC(CC)CCCCCC)c1OCC(CC)CCCCCC,50,0,0,0,50_50,2,P(LAcDOT-BAcDOT),alternating co-polymer (A-B-A-B-A-B-A),DHAP,16 kDa,2.6,,,1.94,,0.25,"535, 583",,magenta,53,55,-18,88,-3,-6,,66%,"Polymer Chemistry, 11, 2173 – 2181 (2020)",DOI: 10.1039/C9PY01720H,2020
BAcDOT,*c1sc(*)c(OCC(CC)CCCCCC)c1OCC(CC)CCCCCC,100,0,0,0,0,0,0,100_0,2,P(BAcDOT),homo-polymer (A-A-A-A-A-A-A),Oxidative,44 kDa,3,,,2.07,,0.33,466,,orange,81,28,68,86,-4,-6,,54%,"Polymer Chemistry, 11, 2173 – 2181 (2020)",DOI: 10.1039/C9PY01720H,2020
"3,4-(1,3-dimethylpropylene)dioxythiophene (DMP)",*c1sc(*)c2OC(C)CC(C)Oc12,50,BAcDOT,*c1sc(*)c(OCC(CC)CCCCCC)c1OCC(CC)CCCCCC,50,0,0,0,50_50,2,P(BAcDOT-DMP),alternating co-polymer (A-B-A-B-A-B-A),DHAP,15 kDa,2.1,,,1.92,,0.01,"545, 593",,magenta,51,50,-33,90,-2,-4,,72%,"Polymer Chemistry, 11, 2173 – 2181 (2020)",DOI: 10.1039/C9PY01720H,2020
"3,4-(1,3-dimethylpropylene)dioxythiophene (DMP)",*c1sc(*)c2OC(C)CC(C)Oc12,50,acyclic dioxythiophene (LAcDOT),*c1sc(*)c(OCCCCCCCC)c1OCCCCCCCC,50,0,0,0,50_50,2,P(LAcDOT-DMP),alternating co-polymer (A-B-A-B-A-B-A),DHAP,5 kDa,1.4,,,1.82,,-0.3,"560, 611",,magenta,48,35,-41,88,-4,-6,,61%,"Polymer Chemistry, 11, 2173 – 2181 (2020)",DOI: 10.1039/C9PY01720H,2020
"3,4-dioctylthiophene (DAT)",*c1sc(*)c(CCCCCCCC)c1CCCCCCCC,50,"ran-1,3-DMP",*c1sc(*)c2OC(C)CC(C)Oc12,50,0,0,0,50_50,2,"DAT-co-(ran-1,3-DMP)",alternating co-polymer (A-B-A-B-A-B-A),DHAP,18.3 kDa,2.1,,,2.23,,0.05,471,440,orange,91,-7,78,85,-0.5,-2,,70%,"Macromolecules, 54, 4, 1677–1692 (2021)",DOI: 10.1021/acs.macromol.0c02719,2021
"3,4-dioctylthiophene (DAT)",*c1sc(*)c(CCCCCCCC)c1CCCCCCCC,50,"reg-1,3-DMP",*c1sc(*)c2O[C@H](C)CC(C)Oc12,50,0,0,0,50_50,2,"DAT-co-(reg-1,3-DMP)",alternating co-polymer (A-B-A-B-A-B-A),DHAP,29.1 kDa,2.4,,,2.23,,-0.15,470,440,orange,91,-7,78,86,-0.9,-2,,66%,"Macromolecules, 54, 4, 1677–1692 (2021)",DOI: 10.1021/acs.macromol.0c02719,2021
"3,4-dioctylthiophene (DAT)",*c1sc(*)c(CCCCCCCC)c1CCCCCCCC,50,DMP,*c1sc(*)c2OCC(C)(C)COc12,50,0,0,0,50_50,2,DAT-co-(DMP),alternating co-polymer (A-B-A-B-A-B-A),DHAP,18.1 kDa,2.1,,,2.3,,-0.1,419,486,red,95,-14,68,87,-1,-3,,64%,"Macromolecules, 54, 4, 1677–1692 (2021)",DOI: 10.1021/acs.macromol.0c02719,2021
"3,4-dioctylthiophene (DAT)",*c1sc(*)c(CCCCCCCC)c1CCCCCCCC,50,DEP,*c1sc(*)c2OCC(CC)(CC)COc12,50,0,0,0,50_50,2,DAT-co-(DEP),alternating co-polymer (A-B-A-B-A-B-A),DHAP,19.9 kDa,2.7,,,2.3,,-0.1,419,497,red,95,-13,69,88,-2,-4,,67%,"Macromolecules, 54, 4, 1677–1692 (2021)",DOI: 10.1021/acs.macromol.0c02719,2021
"3,4-dioctylthiophene (DAT)",*c1sc(*)c(CCCCCCCC)c1CCCCCCCC,50,DiBP,*c1sc(*)c2OCC(CC(C)C)(CC(C)C)COc12,50,0,0,0,50_50,2,DAT-co-(DiBP),alternating co-polymer (A-B-A-B-A-B-A),DHAP,19.6 kDa,3.6,,,2.26,,0.21,426,494,red,95,-8,77,86,0,-0.4,,63%,"Macromolecules, 54, 4, 1677–1692 (2021)",DOI: 10.1021/acs.macromol.0c02719,2021
"3,3-Bis-(2-ethyl-hexyloxymethyl)-3,4-dihydro-2H-thieno[3,4-b][1,4]dioxepine (ProDOT)",*c1sc(*)c2OCC(COCC(CC)CCCC)(COCC(CC)CCCC)COc12,70,"2,1,3-benzothiadiazole (BTD)",*c1ccc(*)c2nsnc12,12.5,"2,7-fluorene",*c1ccc3c(c1)Cc2cc(*)ccc23,17.5,70_12.5_17.5,3,P1,random ,C–H arylation polymerization (DArP),14.6,1.9,,,1.65,,,"456, 625","440, 594",green,84,-14,-7,,,,,,"	Polym. Chem., 2018, 9, 5262-5267",https://pubs.rsc.org/en/content/articlelanding/2018/py/c8py01105b,2018
"3,3-Bis-(2-ethyl-hexyloxymethyl)-3,4-dihydro-2H-thieno[3,4-b][1,4]dioxepine (ProDOT)",*c1sc(*)c2OCC(COCC(CC)CCCC)(COCC(CC)CCCC)COc12,70,"2,1,3-benzothiadiazole (BTD)",*c1ccc(*)c2nsnc12,15,"2,7-fluorene",*c1ccc3c(c1)Cc2cc(*)ccc23,15,70_15_15,3,P2,random ,C–H arylation polymerization (DArP),7.9,1.5,,,1.63,,,"480, 632","446, 605",green,94,-14,-36,,,,,,"	Polym. Chem., 2018, 9, 5262-5267",https://pubs.rsc.org/en/content/articlelanding/2018/py/c8py01105b,2018
"3,3-Bis-(2-ethyl-hexyloxymethyl)-3,4-dihydro-2H-thieno[3,4-b][1,4]dioxepine (ProDOT)",*c1sc(*)c2OCC(COCC(CC)CCCC)(COCC(CC)CCCC)COc12,67.5,"2,1,3-benzothiadiazole (BTD)",*c1ccc(*)c2nsnc12,15,"2,7-fluorene",*c1ccc3c(c1)Cc2cc(*)ccc23,17.5,67.5_15_17.5,3,P3,random ,C–H arylation polymerization (DArP),18.4,2.5,-4.97,-3.33,1.64,,,"445, 626","440, 606",green,55.88,-11.51,11.81,80.85,-11.34,8.01,,,"	Polym. Chem., 2018, 9, 5262-5267",https://pubs.rsc.org/en/content/articlelanding/2018/py/c8py01105b,2018
"3,3-Bis-(2-ethyl-hexyloxymethyl)-3,4-dihydro-2H-thieno[3,4-b][1,4]dioxepine (ProDOT)",*c1sc(*)c2OCC(COCC(CC)CCCC)(COCC(CC)CCCC)COc12,62.5,"2,1,3-benzothiadiazole (BTD)",*c1ccc(*)c2nsnc12,17.5,"2,7-fluorene",*c1ccc3c(c1)Cc2cc(*)ccc23,20,62.5_17.5_20,3,P4,random ,C–H arylation polymerization (DArP),17.3,2.4,-5.03,-3.43,1.6,,,"433, 631","429, 596",green,62.41,-21.26,21.45,81.85,-12,14.82,,51%,"	Polym. Chem., 2018, 9, 5262-5267",https://pubs.rsc.org/en/content/articlelanding/2018/py/c8py01105b,2018
"3,3-Bis-(2-ethyl-hexyloxymethyl)-3,4-dihydro-2H-thieno[3,4-b][1,4]dioxepine (ProDOT)",*c1sc(*)c2OCC(COCC(CC)CCCC)(COCC(CC)CCCC)COc12,57.5,"2,1,3-benzothiadiazole (BTD)",*c1ccc(*)c2nsnc12,20,"2,7-fluorene",*c1ccc3c(c1)Cc2cc(*)ccc23,22.5,57.5_20_22.5,3,P5,random ,C–H arylation polymerization (DArP),18.5,2.9,-5.12,-3.53,1.59,,,"421, 616","421, 586",green,58.67,-26.1,19.78,75.34,-15.96,21.66,,,"	Polym. Chem., 2018, 9, 5262-5267",https://pubs.rsc.org/en/content/articlelanding/2018/py/c8py01105b,2018
"3,3-Bis-(2-ethyl-hexyloxymethyl)-3,4-dihydro-2H-thieno[3,4-b][1,4]dioxepine (ProDOT)",*c1sc(*)c2OCC(COCC(CC)CCCC)(COCC(CC)CCCC)COc12,50,"2,1,3-benzothiadiazole (BTD)",*c1ccc(*)c2nsnc12,25,"2,7-fluorene",*c1ccc3c(c1)Cc2cc(*)ccc23,25,50_25_25,3,P6,random ,C–H arylation polymerization (DArP),13.4,2.5,-5.27,-3.66,1.61,,,"409, 600","407, 568",green,60.99,-23.229,11.17,75.56,-9.66,2.78,,56%,"	Polym. Chem., 2018, 9, 5262-5267",https://pubs.rsc.org/en/content/articlelanding/2018/py/c8py01105b,2018
A4,*c1sc(*)c2OCC(COCC(CC)CCCC)(COCC(CC)CCCC)COc12,50,B3,C1=CC(=CC=C1*)*,50,0,0,0,,,,,,,,,,,,,,,,93.18933061,-7.854912698,81.26023152,,,,,,,,
A4,*c1sc(*)c2OCC(COCC(CC)CCCC)(COCC(CC)CCCC)COc12,60,B3,C1=CC(=CC=C1*)*,40,0,0,0,,,,,,,,,,,,,,,,83.29684819,21.01610307,70.30844323,,,,,,,,
A4,*c1sc(*)c2OCC(COCC(CC)CCCC)(COCC(CC)CCCC)COc12,70,B3,C1=CC(=CC=C1*)*,30,0,0,0,,,,,,,,,,,,,,,,70.23221613,46.76611122,45.4633894,,,,,,,,
A4,*c1sc(*)c2OCC(COCC(CC)CCCC)(COCC(CC)CCCC)COc12,80,B3,C1=CC(=CC=C1*)*,20,0,0,0,,,,,,,,,,,,,,,,64.60115456,59.187033,17.26894374,,,,,,,,
A4,*c1sc(*)c2OCC(COCC(CC)CCCC)(COCC(CC)CCCC)COc12,90,B3,C1=CC(=CC=C1*)*,10,0,0,0,,,,,,,,,,,,,,,,59.37449911,66.17806547,-9.693180425,,,,,,,,
A4,*c1sc(*)c2OCC(COCC(CC)CCCC)(COCC(CC)CCCC)COc12,100,0,0,0,0,0,0,,,,,,,,,,,,,,,,57.98774798,66.46423777,-15.89388552,,,,,,,,
A4,*c1sc(*)c2OCC(COCC(CC)CCCC)(COCC(CC)CCCC)COc12,50,A6,*c1sc(*)c(OC)c1OC,50,0,0,0,,,,,,,,,,,,,,,,57.64192052,51.95366039,11.86388936,,,,,,,,
A4,*c1sc(*)c2OCC(COCC(CC)CCCC)(COCC(CC)CCCC)COc12,60,A6,*c1sc(*)c(OC)c1OC,40,0,0,0,,,,,,,,,,,,,,,,60.10040553,52.82000341,14.70093757,,,,,,,,
A4,*c1sc(*)c2OCC(COCC(CC)CCCC)(COCC(CC)CCCC)COc12,70,A6,*c1sc(*)c(OC)c1OC,30,0,0,0,,,,,,,,,,,,,,,,61.11882216,53.14885835,17.9510817,,,,,,,,
A4,*c1sc(*)c2OCC(COCC(CC)CCCC)(COCC(CC)CCCC)COc12,80,A6,*c1sc(*)c(OC)c1OC,20,0,0,0,,,,,,,,,,,,,,,,59.54743992,57.85356337,6.102336883,,,,,,,,
A4,*c1sc(*)c2OCC(COCC(CC)CCCC)(COCC(CC)CCCC)COc12,90,A6,*c1sc(*)c(OC)c1OC,10,0,0,0,,,,,,,,,,,,,,,,62.99948478,52.95684424,21.96652569,,,,,,,,
A4,*c1sc(*)c2OCC(COCC(CC)CCCC)(COCC(CC)CCCC)COc12,50,B5,*c1ccc(*)c2nsnc12,50,0,0,0,,,,,,,,,,,,,,,,52.07112741,3.383139037,-42.4642277,,,,,,,,
A4,*c1sc(*)c2OCC(COCC(CC)CCCC)(COCC(CC)CCCC)COc12,60,B5,*c1ccc(*)c2nsnc12,40,0,0,0,,,,,,,,,,,,,,,,53.35260078,-3.554132969,-37.68351393,,,,,,,,
A4,*c1sc(*)c2OCC(COCC(CC)CCCC)(COCC(CC)CCCC)COc12,70,B5,*c1ccc(*)c2nsnc12,30,0,0,0,,,,,,,,,,,,,,,,53.82609179,-12.95126452,-25.97099826,,,,,,,,
A4,*c1sc(*)c2OCC(COCC(CC)CCCC)(COCC(CC)CCCC)COc12,80,B5,*c1ccc(*)c2nsnc12,20,0,0,0,,,,,,,,,,,,,,,,47.32550444,-7.578133574,-14.86875243,,,,,,,,
A4,*c1sc(*)c2OCC(COCC(CC)CCCC)(COCC(CC)CCCC)COc12,90,B5,*c1ccc(*)c2nsnc12,10,0,0,0,,,,,,,,,,,,,,,,43.70600165,27.1107864,-13.62728293,,,,,,,,
A4,*c1sc(*)c2OCC(COCC(CC)CCCC)(COCC(CC)CCCC)COc12,50,A3,*c1sc(*)c2OCCOc12,50,0,0,0,,,,,,,,,,,,,,,,52.46689094,62.30722948,-39.90595394,,,,,,,,
A4,*c1sc(*)c2OCC(COCC(CC)CCCC)(COCC(CC)CCCC)COc12,60,A3,*c1sc(*)c2OCCOc12,40,0,0,0,,,,,,,,,,,,,,,,52.79797096,60.02113351,-43.99839406,,,,,,,,
A4,*c1sc(*)c2OCC(COCC(CC)CCCC)(COCC(CC)CCCC)COc12,70,A3,*c1sc(*)c2OCCOc12,30,0,0,0,,,,,,,,,,,,,,,,53.02191918,59.88539453,-38.9633697,,,,,,,,
A4,*c1sc(*)c2OCC(COCC(CC)CCCC)(COCC(CC)CCCC)COc12,80,A3,*c1sc(*)c2OCCOc12,20,0,0,0,,,,,,,,,,,,,,,,53.97495198,62.58205905,-32.77101745,,,,,,,,
A4,*c1sc(*)c2OCC(COCC(CC)CCCC)(COCC(CC)CCCC)COc12,90,A3,*c1sc(*)c2OCCOc12,10,0,0,0,,,,,,,,,,,,,,,,56.50282004,65.53975491,-19.23979688,,,,,,,,
A4,*c1sc(*)c2OCC(COCC(CC)CCCC)(COCC(CC)CCCC)COc12,87.5,B5,*c1ccc(*)c2nsnc12,12.5,0,0,0,,,,,,,,,,,,,,,,40.59653084,17.96076773,-19.00487064,,,,,,,,
A4,*c1sc(*)c2OCC(COCC(CC)CCCC)(COCC(CC)CCCC)COc12,85,B5,*c1ccc(*)c2nsnc12,15,0,0,0,,,,,,,,,,,,,,,,40.64539326,15.07815389,-22.16944746,,,,,,,,
A4,*c1sc(*)c2OCC(COCC(CC)CCCC)(COCC(CC)CCCC)COc12,82.5,B5,*c1ccc(*)c2nsnc12,17.5,0,0,0,,,,,,,,,,,,,,,,42.33659653,5.002942061,-19.3864126,,,,,,,,
A4,*c1sc(*)c2OCC(COCC(CC)CCCC)(COCC(CC)CCCC)COc12,77.5,B5,*c1ccc(*)c2nsnc12,22.5,0,0,0,,,,,,,,,,,,,,,,47.51619508,-6.720964635,-16.888281,,,,,,,,
A4,*c1sc(*)c2OCC(COCC(CC)CCCC)(COCC(CC)CCCC)COc12,75,B5,*c1ccc(*)c2nsnc12,25,0,0,0,,,,,,,,,,,,,,,,49.48699299,-8.967349673,-19.16485673,,,,,,,,
A4,*c1sc(*)c2OCC(COCC(CC)CCCC)(COCC(CC)CCCC)COc12,72.5,B5,*c1ccc(*)c2nsnc12,27.5,0,0,0,,,,,,,,,,,,,,,,51.12567661,-10.74471752,-21.52397673,,,,,,,,
A4,*c1sc(*)c2OCC(COCC(CC)CCCC)(COCC(CC)CCCC)COc12,90,B3,C1=CC(=CC=C1*)*,5,B5,*c1ccc(*)c2nsnc12,5,,,,,,,,,,,,,,,,42.07214818,21.41669551,-10.78736341,,,,,,,,
A4,*c1sc(*)c2OCC(COCC(CC)CCCC)(COCC(CC)CCCC)COc12,80,B3,C1=CC(=CC=C1*)*,10,B5,*c1ccc(*)c2nsnc12,10,,,,,,,,,,,,,,,,46.80054302,-7.549009137,-13.62908899,,,,,,,,
A4,*c1sc(*)c2OCC(COCC(CC)CCCC)(COCC(CC)CCCC)COc12,70,B3,C1=CC(=CC=C1*)*,15,B5,*c1ccc(*)c2nsnc12,15,,,,,,,,,,,,,,,,54.61151424,-14.71857432,-26.13775376,,,,,,,,
A4,*c1sc(*)c2OCC(COCC(CC)CCCC)(COCC(CC)CCCC)COc12,60,B3,C1=CC(=CC=C1*)*,20,B5,*c1ccc(*)c2nsnc12,20,,,,,,,,,,,,,,,,57.34068684,-6.680556921,-42.90714093,,,,,,,,
A4,*c1sc(*)c2OCC(COCC(CC)CCCC)(COCC(CC)CCCC)COc12,50,B3,C1=CC(=CC=C1*)*,25,B5,*c1ccc(*)c2nsnc12,25,,,,,,,,,,,,,,,,56.77643279,-0.646218261,-48.48534926,,,,,,,,
A4,*c1sc(*)c2OCC(COCC(CC)CCCC)(COCC(CC)CCCC)COc12,50,B3,C1=CC(=CC=C1*)*,40,A3,*c1sc(*)c2OCCOc12,10,,,,,,,,,,,,,,,,90.98445584,2.83773463,80.55068731,,,,,,,,
A4,*c1sc(*)c2OCC(COCC(CC)CCCC)(COCC(CC)CCCC)COc12,70,B3,C1=CC(=CC=C1*)*,15,A3,*c1sc(*)c2OCCOc12,15,,,,,,,,,,,,,,,,71.91631447,46.58479635,41.80292886,,,,,,,,
A4,*c1sc(*)c2OCC(COCC(CC)CCCC)(COCC(CC)CCCC)COc12,90,B3,C1=CC(=CC=C1*)*,5,A3,*c1sc(*)c2OCCOc12,5,,,,,,,,,,,,,,,,64.58755356,58.14984732,15.97048035,,,,,,,,
A4,*c1sc(*)c2OCC(COCC(CC)CCCC)(COCC(CC)CCCC)COc12,60,A3,*c1sc(*)c2OCCOc12,20,A6,*c1sc(*)c(OC)c1OC,20,,,,,,,,,,,,,,,,62.71181715,54.92564317,20.02370332,,,,,,,,
A4,*c1sc(*)c2OCC(COCC(CC)CCCC)(COCC(CC)CCCC)COc12,80,A3,*c1sc(*)c2OCCOc12,10,A6,*c1sc(*)c(OC)c1OC,10,,,,,,,,,,,,,,,,55.62021187,64.04159024,-20.79076253,,,,,,,,
A4,*c1sc(*)c2OCC(COCC(CC)CCCC)(COCC(CC)CCCC)COc12,70,B5,*c1ccc(*)c2nsnc12,10,A6,*c1sc(*)c(OC)c1OC,20,,,,,,,,,,,,,,,,42.38041832,25.94574748,-20.8202063,,,,,,,,
A4,*c1sc(*)c2OCC(COCC(CC)CCCC)(COCC(CC)CCCC)COc12,50,B5,*c1ccc(*)c2nsnc12,20,A6,*c1sc(*)c(OC)c1OC,30,,,,,,,,,,,,,,,,42.95098718,7.948586391,-21.69284952,,,,,,,,
A4,*c1sc(*)c2OCC(COCC(CC)CCCC)(COCC(CC)CCCC)COc12,50,B5,*c1ccc(*)c2nsnc12,30,A6,*c1sc(*)c(OC)c1OC,20,,,,,,,,,,,,,,,,50.22074183,2.536667086,-37.22369542,,,,,,,,
A4,*c1sc(*)c2OCC(COCC(CC)CCCC)(COCC(CC)CCCC)COc12,50,B5,*c1ccc(*)c2nsnc12,40,A6,*c1sc(*)c(OC)c1OC,10,,,,,,,,,,,,,,,,49.38216374,11.92990096,-44.67523378,,,,,,,,
A4,*c1sc(*)c2OCC(COCC(CC)CCCC)(COCC(CC)CCCC)COc12,50,B5,*c1ccc(*)c2nsnc12,20,A3,*c1sc(*)c2OCCOc12,30,,,,,,,,,,,,,,,,57.97036752,-2.697502891,-48.53201872,,,,,,,,
A4,*c1sc(*)c2OCC(COCC(CC)CCCC)(COCC(CC)CCCC)COc12,50,B5,*c1ccc(*)c2nsnc12,40,A3,*c1sc(*)c2OCCOc12,10,,,,,,,,,,,,,,,,57.06232027,-11.43657265,-35.72190498,,,,,,,,
A4,*c1sc(*)c2OCC(COCC(CC)CCCC)(COCC(CC)CCCC)COc12,70,B5,*c1ccc(*)c2nsnc12,10,A3,*c1sc(*)c2OCCOc12,20,,,,,,,,,,,,,,,,50.2809884,-12.77484065,-16.10013138,,,,,,,,
A4,*c1sc(*)c2OCC(COCC(CC)CCCC)(COCC(CC)CCCC)COc12,80,B5,*c1ccc(*)c2nsnc12,10,A3,*c1sc(*)c2OCCOc12,10,,,,,,,,,,,,,,,,51.06409388,31.86152177,12.49518262,,,,,,,,
A4,*c1sc(*)c2OCC(COCC(CC)CCCC)(COCC(CC)CCCC)COc12,90,B5,*c1ccc(*)c2nsnc12,5,A3,*c1sc(*)c2OCCOc12,5,,,,,,,,,,,,,,,,55.94890024,40.1575638,13.85048118,,,,,,,,
A4,*c1sc(*)c2OCC(COCC(CC)CCCC)(COCC(CC)CCCC)COc12,50,A6,*c1sc(*)c(OC)c1OC,25,B3,C1=CC(=CC=C1*)*,25,,,,,,,,,,,,,,,,79.55043201,21.9881668,65.15786957,,,,,,,,
A4,*c1sc(*)c2OCC(COCC(CC)CCCC)(COCC(CC)CCCC)COc12,50,A6,*c1sc(*)c(OC)c1OC,20,B3,C1=CC(=CC=C1*)*,30,,,,,,,,,,,,,,,,82.43302056,16.19168651,68.90948565,,,,,,,,
A4,*c1sc(*)c2OCC(COCC(CC)CCCC)(COCC(CC)CCCC)COc12,50,A6,*c1sc(*)c(OC)c1OC,30,B3,C1=CC(=CC=C1*)*,20,,,,,,,,,,,,,,,,76.80079406,24.59086668,61.41529279,,,,,,,,
A4,*c1sc(*)c2OCC(COCC(CC)CCCC)(COCC(CC)CCCC)COc12,50,A6,*c1sc(*)c(OC)c1OC,40,B3,C1=CC(=CC=C1*)*,10,,,,,,,,,,,,,,,,55.94585941,65.2824298,-24.12130209,,,,,,,,
A4,*c1sc(*)c2OCC(COCC(CC)CCCC)(COCC(CC)CCCC)COc12,50,A6,*c1sc(*)c(OC)c1OC,10,B3,C1=CC(=CC=C1*)*,40,,,,,,,,,,,,,,,,87.29495372,9.122121646,76.58589926,,,,,,,,
A4,*c1sc(*)c2OCC(COCC(CC)CCCC)(COCC(CC)CCCC)COc12,60,A6,*c1sc(*)c(OC)c1OC,20,B3,C1=CC(=CC=C1*)*,20,,,,,,,,,,,,,,,,78.83440184,24.73898432,66.45606941,,,,,,,,
A4,*c1sc(*)c2OCC(COCC(CC)CCCC)(COCC(CC)CCCC)COc12,60,A6,*c1sc(*)c(OC)c1OC,30,B3,C1=CC(=CC=C1*)*,10,,,,,,,,,,,,,,,,56.23328164,65.27944743,-22.15397505,,,,,,,,
A4,*c1sc(*)c2OCC(COCC(CC)CCCC)(COCC(CC)CCCC)COc12,60,A6,*c1sc(*)c(OC)c1OC,20,B5,*c1ccc(*)c2nsnc12,20,,,,,,,,,,,,,,,,42.24281151,13.59591821,-16.00102863,,,,,,,,
A4,*c1sc(*)c2OCC(COCC(CC)CCCC)(COCC(CC)CCCC)COc12,60,A6,*c1sc(*)c(OC)c1OC,10,B5,*c1ccc(*)c2nsnc12,30,,,,,,,,,,,,,,,,54.45181874,-9.725538133,-25.5083355,,,,,,,,
A4,*c1sc(*)c2OCC(COCC(CC)CCCC)(COCC(CC)CCCC)COc12,60,A6,*c1sc(*)c(OC)c1OC,30,B5,*c1ccc(*)c2nsnc12,10,,,,,,,,,,,,,,,,49.30092821,31.52609213,11.90668503,,,,,,,,
A4,*c1sc(*)c2OCC(COCC(CC)CCCC)(COCC(CC)CCCC)COc12,70,A6,*c1sc(*)c(OC)c1OC,15,B5,*c1ccc(*)c2nsnc12,15,,,,,,,,,,,,,,,,41.25810186,20.70880582,-20.57993613,,,,,,,,
A4,*c1sc(*)c2OCC(COCC(CC)CCCC)(COCC(CC)CCCC)COc12,70,A6,*c1sc(*)c(OC)c1OC,10,B5,*c1ccc(*)c2nsnc12,20,,,,,,,,,,,,,,,,41.64329415,11.59132487,-12.23063014,,,,,,,,
A4,*c1sc(*)c2OCC(COCC(CC)CCCC)(COCC(CC)CCCC)COc12,50,B3,C1=CC(=CC=C1*)*,30,B5,*c1ccc(*)c2nsnc12,20,,,,,,,,,,,,,,,,44.97308788,1.916697839,-6.15631052,,,,,,,,
A4,*c1sc(*)c2OCC(COCC(CC)CCCC)(COCC(CC)CCCC)COc12,50,B3,C1=CC(=CC=C1*)*,20,B5,*c1ccc(*)c2nsnc12,30,,,,,,,,,,,,,,,,48.39875201,0.137674608,-28.20049256,,,,,,,,
A4,*c1sc(*)c2OCC(COCC(CC)CCCC)(COCC(CC)CCCC)COc12,50,B3,C1=CC(=CC=C1*)*,10,B5,*c1ccc(*)c2nsnc12,40,,,,,,,,,,,,,,,,51.89929384,5.151162228,-44.34052835,,,,,,,,
A4,*c1sc(*)c2OCC(COCC(CC)CCCC)(COCC(CC)CCCC)COc12,50,B3,C1=CC(=CC=C1*)*,40,B5,*c1ccc(*)c2nsnc12,10,,,,,,,,,,,,,,,,69.5932537,5.900156473,43.19683971,,,,,,,,
A4,*c1sc(*)c2OCC(COCC(CC)CCCC)(COCC(CC)CCCC)COc12,50,B3,C1=CC(=CC=C1*)*,10,A3,*c1sc(*)c2OCCOc12,40,,,,,,,,,,,,,,,,51.60490136,56.266195,-42.82270163,,,,,,,,
A4,*c1sc(*)c2OCC(COCC(CC)CCCC)(COCC(CC)CCCC)COc12,60,B3,C1=CC(=CC=C1*)*,20,A3,*c1sc(*)c2OCCOc12,20,,,,,,,,,,,,,,,,59.61022996,60.54372793,4.374280954,,,,,,,,
A4,*c1sc(*)c2OCC(COCC(CC)CCCC)(COCC(CC)CCCC)COc12,60,A6,*c1sc(*)c(OC)c1OC,30,A3,*c1sc(*)c2OCCOc12,10,,,,,,,,,,,,,,,,53.55375319,59.3747921,-34.61089524,,,,,,,,
A4,*c1sc(*)c2OCC(COCC(CC)CCCC)(COCC(CC)CCCC)COc12,50,A6,*c1sc(*)c(OC)c1OC,20,A3,*c1sc(*)c2OCCOc12,30,,,,,,,,,,,,,,,,51.67219878,53.27112485,-46.56286028,,,,,,,,
A4,*c1sc(*)c2OCC(COCC(CC)CCCC)(COCC(CC)CCCC)COc12,50,A6,*c1sc(*)c(OC)c1OC,30,A3,*c1sc(*)c2OCCOc12,20,,,,,,,,,,,,,,,,52.64816367,56.67688298,-37.47820305,,,,,,,,
A4,*c1sc(*)c2OCC(COCC(CC)CCCC)(COCC(CC)CCCC)COc12,50,A6,*c1sc(*)c(OC)c1OC,40,A3,*c1sc(*)c2OCCOc12,10,,,,,,,,,,,,,,,,53.55974675,59.19205426,-30.43143723,,,,,,,,
